Thema;Subthema;Keywords
Politie;Politieonderwijs;politieonderwijs
Politie;Politiebestel;politiebestel
Politie;Veiligheidsregio's BES;politie,veiligheidsregio,BES
Politie;Politie en samenleving;politie,samenleving
Politie;Opsporing;politie,opsporing
Politie;Bekostiging politie;bekostiging,politie
Politie;Agressie en geweld tegen politieambtenaren;politie,agressie,geweld,politieamtenaren
Politie;Multi governance Meldkamers;politie,multi governance,meldkamers
Politie;Staatsnoodrecht;politie,staatsnoodrecht
Politie;Criminele jongeren;politie,criminele jongeren
Politie;LEBZ;politie,LEBZ
Politie;Witwassen in het digitale tijdperk;politie,witwassen,digitale tijdperk
Politie;Belangenverstrengeling ex medewerkers;politie,belangenverstrengeling,ex medewerkers
Politie;Hoorrecht burgers;politie,hoorrecht,burgers
Politie in de maatschappij;Diverse samenleving;politie,maatschappij,diverse samenleving
Politie in de maatschappij;Legitimiteit;politie,maatschappij,legitimiteit
Politie in de maatschappij;Taakuitvoering;politie,maatschappij,taakuitvoering
Opsporing;Uitvoeringspraktijk;opsporing,uitvoeringspraktijk
Opsporing;Online;opsporing,online
Politieorganisatie;Criteria;politieorganisatie,criteria
Politieorganisatie;Normen;politieorganisatie,normen
Politieorganisatie;Sturing;politieorganisatie,sturing
Politieacademie;ZBO Politieacademie;zbo politieacademie
Crisisbeheersing;Wet tegemoetkoming schade;crisisbeheersing,wet tegemoetkoming schade
Brandweer;PM;brandweer,PM
Meldkamers;Kennisopbouw-programma TNO;meldkamers,kennisopbouw-programma TNO
Meldkamers;crisiscommunicatiemiddelen;meldkamers,crisiscommunicatiemiddelen
Programma Rechtsbijstand;Wet doorberekening kosten toezicht en tuchtrecht juridische beroepen;programma rechtsbijstand,wet doorberekening kosten toezicht en tuchtrecht juridische beroepen
Rechtspraak en buitengerechtelijke geschiloplossing;Hoger beroep bestuursorganen;rechtspraak,buitengerechtelijke geschiloplossing,hoger beroep,bestuursorganen
Rechtspraak en buitengerechtelijke geschiloplossing;Juridische dienstverlening bij ondermijnende criminaliteit;rechtspraak,buitengerechtelijke geschiloplossing,juridische dienstverlening,ondermijnende criminaliteit
Rechtspraak en buitengerechtelijke geschiloplossing;Langdurige detentie;rechtspraak,buitengerechtelijke geschiloplossing,langdurige detentie
Rechtspraak en buitengerechtelijke geschiloplossing;Vermijdbare beroepen;rechtspraak,buitengerechtelijke geschiloplossing,vermijdbare beroepen
Rechtspraak en buitengerechtelijke geschiloplossing;Mediation in Strafzaken;rechtspraak,buitengerechtelijke geschiloplossing,mediation,straftzaken
Rechtspraak en buitengerechtelijke geschiloplossing;Rechtsbijstand;rechtspraak,buitengerechtelijke geschiloplossing,rechtsbijstand
Digitalisering strafrechtketen en rechtsbestel;Digitalisering civiele keten;digitalisering strafrechtketen rechtsbestel,digitalisering civiele keten
Digitalisering strafrechtketen en rechtsbestel;Grensoverschrijdende gegevensuitwisseling;digitalisering strafrechtketen rechtsbestel,grensoverschrijdende gegevensuitwisseling
Schulden en incasso;Schuldsanering en schuldhulpverlening;schulden,incasso,schuldsanering,schuldhulpverlening
Toegang tot het recht;Intimidatie;toegang recht,intimidatie
Toegang tot het recht;Processenfonds;toegang recht,processenfonds
Voorbereiding implementatie wetboek van strafvordering;Innovatiewet Strafvordering;implementatie wetboek van strafvordering,innovatiewet,strafvordering
Privacy;AVG;privacy,AVG
Fenomenen / dadergerichte / slachtoffergerichte preventie;Voorkomen daderschap en recidive;fenomenen,dadergerichte,slachtoffergerichte,preventie,voorkomen,daderschap,recidive
Fenomenen / dadergerichte / slachtoffergerichte preventie;Geweld;fenomenen,dadergerichte,slachtoffergerichte,preventie,geweld
Fenomenen / dadergerichte / slachtoffergerichte preventie;Verwarde personen;fenomenen,dadergerichte,slachtoffergerichte,preventie,verwarde personen
Fenomenen / dadergerichte / slachtoffergerichte preventie;Heling;fenomenen,dadergerichte,slachtoffergerichte,preventie,heling
Fenomenen / dadergerichte / slachtoffergerichte preventie;Huiselijk geweld & kindermishandeling;fenomenen,dadergerichte,slachtoffergerichte,preventie,huiselijk geweld,kindermishandeling
Zeden;Wetgeving;zeden,wetgeving
Zeden;LHBTI;zeden,LHBTI
Finec;Fraude, corruptie en milieucriminaliteit;finec,fraude,corruptie,milieucriminaliteit
Digitale rechtshandhaving/regulering online content;Computercriminaliteit;digitale rechtshandhaving,regulering online content,computercriminaliteit
Digitale rechtshandhaving/regulering online content;Ransomware;digitale rechtshandhaving,regulering online content,ransomware
Mensenhandel;Prostitutie;mensenhandel,prostitutie
Opsporing;Encryptie;opsporing,encryptie
Opsporing;Straftoemeting VPT-delicten;opsporing,straftoemeting,VPT-delicten
Opsporing;Wapens en jongeren;Opsporing,wapens,jongeren
Criminaliteits- preventie;Criminele carrières;criminaliteit,preventie,criminele carrières
Criminaliteits- preventie;Geweld tegen journalisten;criminaliteit,preventie,geweld tegen journalisten
Criminaliteits- preventie;Corruptie op de BES-eilanden;criminaliteit,preventie,corruptie,BES
Criminaliteits- preventie;Coffeshops;criminaliteit,preventie,coffeshops
Veiligheid en lokaal bestuur;Stadionverbod;veiligheid,lokaal bestuur,stadionverbod
Veiligheid en lokaal bestuur;Cameratoezicht;veiligheid,lokaal bestuur,cameratoezicht
Veiligheid en lokaal bestuur;Bestuurlijke aanpak;veiligheid,lokaal bestuur,bestuurlijke aanpak
Criminele geldstromen;Crimineel ondergronds bankieren;criminele geldstromen,crimineel,ondergronds,bankieren
Criminele geldstromen;Vestigingsklimaat drugscriminelen;criminele geldstromen,vestigingsklimaat,drugscriminelen
Criminele geldstromen;National Risk Assessment witwassen;criminele geldstromen,national risk assessment,witwassen
Criminele geldstromen;Verwijzingsportaal bankgegevens;criminele geldstromen,verwijzingsportaal,bankgegevens
Ondermijnings- beleid (PPS);Actieprogramma Veilig Ondernemen;ondermijningsbeleid,PPS,actieprogramma,veilig ondernemen
Ondermijnings- beleid (PPS);Platforms Veilig Ondernemen;ondermijningsbeleid,PPS,platforms,veilig ondernemen
Ondermijnings- beleid (Mainports);Versterking aanpak Mainports;ondermijningsbeleid,mainports,versterking,aanpak
Ondermijnings- beleid (Mainports);Corruptierisico's;ondermijningsbeleid,mainports,corruptierisico
Ondermijnings- beleid (Mainports);Toekomstige cyberrisico's drugssmokkel via logistieke knooppunten;ondermijningsbeleid,mainports,cyberrisico,drugssmokkel,logistieke knooppunten
Ondermijnings- beleid (Drugs);Evaluatie wetgevingstrajecten;ondermijningsbeleid,drugs,wetgevingstrajecten
Ondermijnings- beleid (Drugs);(Lokale) campagnes denormalisering;ondermijningsbeleid,drugs,lokale,campagnes,denormalisering
Ondermijnings- beleid (Strafrechtelijke aanpak);Wetsvoorstel versterking strafrechtelijke aanpak ondermijnende criminaliteit I (Wet Ondermijning I);ondermijningsbeleid,strafrechtelijke aanpak,wetsvoorstel versterking ondermijning,Wet Ondermijnin I
Preventie;Preventie met gezag (Breed);preventie,gezag
Preventie;Preventie met gezag (Steekproef);preventie,gezag,steekproef
Jeugdbescherming;Jeugdbescherming;jeugdbescherming
Jeugdbescherming;Huiselijk geweld en kindermishandeling;jeugdbescherming,huiselijk geweld,kindermishandeling
Jeugdbescherming;Scheiden zonder schade;jeugdbescherming,scheiden,schade
Jeugdbescherming;Familierecht;jeugdbescherming,familierecht
Aanpak jeugdcriminaliteit;(buiten) Strafrechtelijke interventies;aanpak,jeugdcriminaliteit,buiten,strafrechtelijke,interventies
Aanpak jeugdcriminaliteit;Screening;aanpak,jeugdcriminaliteit,screening
Aanpak jeugdcriminaliteit;Jeugdcriminaliteit;aanpak,jeugdcriminaliteit
Strafrechtelijke sancties;Wet Straffen en Beschermen / Recht doen, kansen bieden;strafrechtelijke,sancties,wet straffen beschermen,recht doen,kansen bieden
Strafrechtelijke sancties;Wet Langdurig Toezicht;strafrechtelijke,sancties,wet langdurig toezicht
Strafrechtelijke sancties;Wet USB;strafrechtelijke,sancties,wet usb
Strafrechtelijke sancties;Snelle, zekere, persoonsgerichte tenuitvoerlegging;strafrechtelijke,sancties,snelle zekere persoonsgerichte tenuitvoerlegging
Strafrechtelijke sancties;Strafmaat;strafrechtelijke,sancties,strafmaat
Strafrechtelijke sancties;Recidive;strafrechtelijke,sancties,recidive
Strafrechtelijke sancties;Verklaring Omtrent het Gedrag (VOG);strafrechtelijke,sancties,verklaring omtrent gedrag,vog
Forensische zorg;Forensische zorg;forensische zorg
Aanpak criminaliteitsfenomenen;Dadergerichte preventie - analyse;aanpak,criminaliteitsfenomenen,dadergerichte,preventie,analyse
Aanpak criminaliteitsfenomenen;Dadergerichte preventie - aanpak;aanpak,criminaliteitsfenomenen,dadergerichte,preventie
Aanpak criminaliteitsfenomenen;Slachtoffergerichte preventie;aanpak,criminaliteitsfenomenen,slachtoffergerichte,preventie
Aanpak criminaliteitsfenomenen;Verwarde personen;aanpak,criminaliteitsfenomenen,verwarde personen
Slachtofferzorg;Slachtofferrechten;slachtofferzorg,slachtofferrechten
Slachtofferzorg;Aangiftebereidheid;slachtofferzorg,aangiftebereidheid
Kansspelen;Wet KOA;kansspelen,wet koa
Kansspelen;Kansspelen;kansspelen
Verwarde personen;Verwarde personen;verwarde personen
Nationale Veiligheid;Nationale Veiligheid;nationale veiligheid
Nationale Veiligheid;Contraterrorisme;nationale veiligheid,contraterrorisme
Nationale Veiligheid;Cybersecurity;nationale veiligheid,cybersecurity
Nationale Veiligheid;Bewaken en Beveiligen;nationale veiligheid,bewaken,beveiligen
Behandelen asielverzoeken;Procedures;behandelen,asielverzoeken,procedures
Behandelen asielverzoeken;Sporenbeleid;behandelen,asielverzoeken,sporenbeleid
Behandelen asielverzoeken;Veiligelandenbeleid;behandelen,asielverzoeken,veiligelandenbeleid
Behandelen asielverzoeken;Ketensamenwerking;behandelen,asielverzoeken,ketensamenwerking
Behandelen asielverzoeken;Flexibilisering;behandelen,asielverzoeken,flexibilisering
Behandelen asielverzoeken;Handhaving;behandelen,asielverzoeken,handhaving
Behandelen asielverzoeken;Menselijke maat;behandelen,asielverzoeken,menselijke maat
Opvang-modaliteiten;Opvangmodaliteiten;opvangmodaliteiten
Opvang-modaliteiten;Ketensamenwerking;opvangmodaliteiten,ketensamenwerking
Reguliere migratie;Basis op orde;reguliere migratie,basis op orde
Reguliere migratie;Arbeidsmigratie, kennis en talent;reguliere migratie,arbeidsmigratie,kennis,talent
Reguliere migratie;Procedures;reguliere migratie,procedures
Reguliere migratie;Handhaving;reguliere migratie,handhaving
Grensbeheer;Integrated Border Management;grensbeheer,integrated border management
Grensbeheer;Schengen;grensbeheer,schengen
Begeleiding en ondersteuning;Terugkeerondersteuning;begeleiding,ondersteuning,terugkeerondersteuning
Begeleiding en ondersteuning;Motivatie om te vertrekken;begeleiding,ondersteuning,motivatie,vertrekken
Begeleiding en ondersteuning;Begeleiding en regievoering;begeleiding,ondersteuning,begeleiding,regievoering
Toezichtsmaatregelen;Toezichtsmaatregelen;toezichtsmaatregelen
Toezichtsmaatregelen;Effectiviteit toezichtsmaatregelen;toezichtsmaatregelen,effectiviteit
Toezichtsmaatregelen;Prioritaire groepen;toezichtsmaatregelen,prioritaire groepen
Samenwerking keten en internationaal;Landen van herkomst;samenwerking,keten,internationaal,landen,herkomst
Samenwerking keten en internationaal;Migratieketen;samenwerking,keten,internationaal,migratieketen
Overkoepelend;LVV;overkoepelend,lvv
Overkoepelend;Draagvlak migratie;overkoepelend,draagvlak,migratie
Overkoepelend;Illegaal verblijf;overkoepelend,illegaal,verblijf
